,No attack,Alignments [ALL],Alignments [en],Alignments [de],Alignments [es],Alignments [ja],Alignments [pt],Alignments [zh_cn]
perplexity,4.7907246865724264,340.30000115444784,72.0579844023052,22.9068326686558,17.61590234731373,65.313257644051,20.1229921290749,97.62511999983536
intent_acc,0.9642384105960264,0.8145695364238411,0.9072847682119205,0.9324503311258279,0.8966887417218543,0.8900662251655629,0.8834437086092716,0.9033112582781457
slot_precision,0.892271662763466,0.36114486296746323,0.6547884187082406,0.6250351617440225,0.60437430786268,0.32914402173913043,0.6941481695012972,0.43420494699646645
slot_recall,0.9033787788974511,0.5581055706238264,0.7388997486735549,0.702719797596458,0.6294694348327566,0.5417443160641073,0.7321374277896017,0.6339248865043334
slot_f1,0.8977908689248896,0.4385245901639344,0.6943059564418788,0.6616048831323508,0.6166666666666667,0.4094942949711227,0.712636874815034,0.5153930039426223
sementic_frame_acc,0.7324503311258278,0.11390728476821192,0.34172185430463575,0.44503311258278144,0.20927152317880796,0.11920529801324503,0.4052980132450331,0.17880794701986755
loss,0.5542847041255108,4.405289422838312,2.0647248886133496,2.1347642719745634,2.113946440031654,3.573781031056454,2.0825823172142632,2.8681828887839065
time,1.2446982860565186,296.5131504535675,56.74686813354492,56.89437484741211,57.71264958381653,51.19112515449524,58.9960253238678,53.735406160354614
