,No attack,Alignments [ALL],Alignments [en],Alignments [de],Alignments [es],Alignments [ja],Alignments [pt],Alignments [zh_cn]
perplexity,6.180492437513251,188.13726804883856,17.85910071197309,15.586025499042712,15.605151916805067,39.444257086201716,11.605065323177136,27.551453983156303
intent_acc,0.9562913907284768,0.8278145695364238,0.9072847682119205,0.9218543046357616,0.9139072847682119,0.8887417218543047,0.904635761589404,0.8887417218543047
slot_precision,0.8664850136239782,0.291086763399467,0.5950794464377243,0.5715166461159062,0.5704342984409799,0.2869047619047619,0.6585445094217024,0.3706463878326996
slot_recall,0.8879581151832461,0.46565608716248225,0.6916890080428955,0.6521280337671473,0.6098214285714286,0.470805296288257,0.7122276879831342,0.5761229314420804
slot_f1,0.8770901568695053,0.35823615160349853,0.6397575423612067,0.6091670773780187,0.5894706559263522,0.3565381770362455,0.6843349088453747,0.4510874595094863
sementic_frame_acc,0.6768211920529801,0.0847682119205298,0.23841059602649006,0.4052980132450331,0.20662251655629138,0.10198675496688742,0.40794701986754967,0.10860927152317881
loss,0.5686961234510435,4.347178234552082,2.1541817640003407,2.1041791548854425,2.1079441986585916,3.1686867437864605,1.8497664606884907,2.668418804595345
time,1.228719711303711,302.9250383377075,56.64148497581482,57.79278492927551,60.463685512542725,52.56773924827576,58.857028007507324,52.63130187988281
