,No attack,Word level [ALL],Word level [en],Word level [de],Word level [es],Word level [ja],Word level [pt],Word level [zh_cn]
perplexity,2.3913652721204257,20881.409366366737,239.53383844275223,74.93962199562475,184.6477702492162,224.70904490320305,214.08740533527575,79.95989023007844
intent_acc,0.9562913907284768,0.5576158940397351,0.7509933774834437,0.8066225165562914,0.8026490066225166,0.7099337748344371,0.7721854304635761,0.7748344370860927
slot_precision,0.8664850136239782,0.12601036269430052,0.373,0.47919655667144906,0.3404860392967942,0.31309297912713474,0.44613548194568786,0.361003361779157
slot_recall,0.8879581151832461,0.14500357739088957,0.3741223671013039,0.4974679773607388,0.39091718610863757,0.40048543689320387,0.4389312977099237,0.4133846609416642
slot_f1,0.8770901568695053,0.1348414282546019,0.37356034051076614,0.48816135632855895,0.3639629680806964,0.35143769968051114,0.4425040698534853,0.3854224185532855
sementic_frame_acc,0.6768211920529801,0.003973509933774834,0.04105960264900662,0.06490066225165562,0.02781456953642384,0.031788079470198675,0.06225165562913907,0.038410596026490065
loss,0.5774695520338259,8.164944796813161,3.962618629555953,3.3638496781650344,3.750843243849905,4.162816032610442,3.63010494458048,3.3106255393279227
time,1.589308738708496,285.8552978038788,54.429412603378296,51.22828698158264,54.33792686462402,55.57309889793396,53.51101732254028,53.3369996547699
