,No attack,Word level [ALL],Word level [en],Word level [de],Word level [es],Word level [ja],Word level [pt],Word level [zh_cn]
perplexity,4.7907246865724264,818993.8357351604,4350.156375935203,1572.9695499558197,512.5725338634692,4241.495111525686,523.862336951808,1661.5100874536915
intent_acc,0.9642384105960264,0.3827814569536424,0.7933774834437086,0.7682119205298014,0.7774834437086092,0.6039735099337749,0.7841059602649006,0.7165562913907285
slot_precision,0.892271662763466,0.2124214596423393,0.4970568999345978,0.6363363363363364,0.4368755676657584,0.34837511606313837,0.5427485750474984,0.45511281805088816
slot_recall,0.9033787788974511,0.18976683937823835,0.4173531026908292,0.5818231740801757,0.37373737373737376,0.4383177570093458,0.4598873088274752,0.4568674698795181
slot_f1,0.8977908689248896,0.20045610034207526,0.4537313432835821,0.6078600114744692,0.40284757118927966,0.3882048629073978,0.4978939724037763,0.45598845598845605
sementic_frame_acc,0.7324503311258278,0.009271523178807948,0.09006622516556291,0.13774834437086092,0.059602649006622516,0.025165562913907286,0.0847682119205298,0.08344370860927153
loss,0.5542847041255108,9.493962190025732,3.8458863760295667,3.4824921971873235,3.8246640882994,5.245957426020974,3.617539179325104,4.105149090917487
time,1.242292881011963,290.3091082572937,55.66572713851929,52.52633237838745,55.722538232803345,57.35293769836426,54.58730936050415,54.58304166793823
