,No attack,Alignments [ALL],Alignments [en],Alignments [de],Alignments [es],Alignments [fr],Alignments [ja],Alignments [zh_cn]
perplexity,4.222894165390416,954.347798181835,31.173990009960374,25.597260096198635,18.125158001247204,22.704336731057417,156.17935302132054,136.69637713934245
intent_acc,0.9112582781456954,0.7788079470198676,0.866225165562914,0.8821192052980132,0.8556291390728477,0.8701986754966887,0.8410596026490066,0.8211920529801324
slot_precision,0.8973405776379754,0.3547065044949762,0.7071078431372549,0.689382337927514,0.7206287920573635,0.6861368764101279,0.3572728375591411,0.4482758620689655
slot_recall,0.9066743715689107,0.5527400082406263,0.7837544145612605,0.7965202005308168,0.7204301075268817,0.802403987100557,0.5473977695167286,0.6603850880786563
slot_f1,0.9019833285426847,0.43211467224995975,0.7434608942146631,0.7390887946367491,0.7205294360954089,0.7397297297297298,0.4323570432357043,0.5340400861354977
sementic_frame_acc,0.6847682119205298,0.10066225165562914,0.3629139072847682,0.47152317880794703,0.2781456953642384,0.4198675496688742,0.10993377483443709,0.14834437086092717
loss,0.9359890921384488,4.969898694439938,2.315092995292262,2.1355250060558317,2.014431570078197,1.9730603824320592,4.254339855595639,3.512896139998185
time,1.2240750789642334,291.3371512889862,53.82066082954407,55.57271337509155,58.72465944290161,58.875147104263306,45.38524603843689,51.5287299156189
