,No attack,Alignments [ALL],Alignments [en],Alignments [de],Alignments [es],Alignments [fr],Alignments [ja],Alignments [zh_cn]
perplexity,3.812655530477825,217.6314248260699,21.636366391181944,13.353784764440435,16.010425090789795,13.593593755521272,83.58403009113512,61.304763856687046
intent_acc,0.9231788079470199,0.8013245033112583,0.8807947019867549,0.8781456953642384,0.8649006622516556,0.8900662251655629,0.856953642384106,0.8675496688741722
slot_precision,0.8647619047619047,0.3220681686886193,0.6661646586345381,0.660460021905805,0.6548042704626335,0.6491766675969858,0.30891940629768344,0.39154358528815525
slot_recall,0.8996036988110965,0.5019131217645735,0.7644009216589862,0.7957769712966017,0.6873563218390805,0.7887419464225162,0.4815135135135135,0.6144058168598046
slot_f1,0.881838782777598,0.39236386029735204,0.7119098712446351,0.7218315127936556,0.6706855460535539,0.7121861604409063,0.37637316207537597,0.47828778632705404
sementic_frame_acc,0.6688741721854304,0.08211920529801324,0.3205298013245033,0.45695364238410596,0.25165562913907286,0.4119205298013245,0.09403973509933775,0.13112582781456952
loss,0.7561514002270997,4.4308575780768145,2.0622289208989395,1.8006686880792442,1.8895413026997918,1.670964959420656,3.6111016938560887,3.0629623764439633
time,1.2657957077026367,292.7789785861969,54.66863179206848,56.50265145301819,59.09299969673157,59.5299026966095,46.39249038696289,52.77794575691223
