,No attack,Word level [ALL],Word level [en],Word level [de],Word level [es],Word level [fr],Word level [ja],Word level [zh_cn]
perplexity,11.562586749227423,559507.8939773559,2053.9074261715537,956.7259370527769,1710.5419742157585,1519.4382447594091,1760.2642710058312,2652.289157113276
intent_acc,0.9231788079470199,0.3536423841059603,0.6675496688741722,0.704635761589404,0.7192052980132451,0.7245033112582782,0.5947019867549669,0.7192052980132451
slot_precision,0.8647619047619047,0.1438384679433805,0.38194640338504937,0.39663093415007655,0.42877949315467523,0.4054421768707483,0.3563679245283019,0.4199288256227758
slot_recall,0.8996036988110965,0.1672718470104091,0.44277305428384567,0.4331103678929766,0.423841059602649,0.4631644389182468,0.473222674600689,0.44806075400054246
slot_f1,0.881838782777598,0.15467263570229434,0.41011661366045743,0.4140687450039968,0.4262959745149146,0.43238537434706903,0.4065653168303512,0.4335389056554258
sementic_frame_acc,0.6688741721854304,0.0,0.02913907284768212,0.039735099337748346,0.045033112582781455,0.031788079470198675,0.013245033112582781,0.052980132450331126
loss,0.7528054780829208,9.845977266211259,4.353106284141541,4.340144197564376,4.21047364912535,4.048764951605546,4.654118019656131,4.1040038359792606
time,1.2104215621948242,282.61201643943787,53.04324960708618,54.01513957977295,53.985106468200684,53.247966289520264,52.639660120010376,55.21070051193237
