,No attack,Word level [ALL],Word level [en],Word level [de],Word level [es],Word level [fr],Word level [ja],Word level [zh_cn]
perplexity,10.368831125058627,1114820.9153374922,2647.607565847196,5419.621010213149,1556.1763406402185,2723.169768857956,6554.76798399875,4387.969833140624
intent_acc,0.9112582781456954,0.2847682119205298,0.7205298013245033,0.6609271523178808,0.6596026490066225,0.6927152317880795,0.433112582781457,0.7245033112582782
slot_precision,0.8973405776379754,0.18088737201365188,0.4990280477645099,0.5316606929510155,0.5333545108005082,0.5128798842257598,0.37696236050690374,0.4511679644048943
slot_recall,0.9066743715689107,0.1856175577865982,0.5208695652173913,0.49089906232763375,0.461644212262854,0.4992955762186531,0.49137080867850097,0.47527536911178814
slot_f1,0.9019833285426847,0.18322194053929478,0.5097149340519076,0.510467450530542,0.49491525423728816,0.5059965733866362,0.42662956223910947,0.4629080118694362
sementic_frame_acc,0.6847682119205298,0.0,0.052980132450331126,0.0423841059602649,0.06357615894039735,0.046357615894039736,0.017218543046357615,0.051655629139072845
loss,0.9201677633141547,10.691016879834628,4.071162312281759,4.619817890618977,4.66486036150079,4.213812958566766,6.185346959766589,4.574237944577869
time,1.2762155532836914,285.80584239959717,53.55207061767578,54.2904839515686,53.959861278533936,53.89986324310303,52.765467405319214,55.2574508190155
