,No attack,Alignments [ALL],Alignments [en],Alignments [de],Alignments [es],Alignments [fr],Alignments [ja],Alignments [pt]
perplexity,7.97081836901213,41499.50721781881,6341.541004055424,17418.59419404582,6144.99351280614,12970.611015068856,522.081313958921,30329.940199189437
intent_acc,0.9483443708609272,0.7536423841059603,0.7682119205298014,0.7801324503311259,0.7284768211920529,0.766887417218543,0.8993377483443709,0.7509933774834437
slot_precision,0.9346679291221426,0.42623201714110803,0.5106661676646707,0.47533453165568207,0.40767860676825646,0.4409163987138264,0.5898188937836515,0.4302724520686176
slot_recall,0.9242910647405029,0.4823346033945272,0.5368876647649026,0.5294771968854283,0.4274745797883378,0.4756123997398656,0.585804569761789,0.4787783516730294
slot_f1,0.9294505346694465,0.45255118622034446,0.5234487388510598,0.5009471690170492,0.4173419773095624,0.4576076754614663,0.5878048780487805,0.45323129251700683
sementic_frame_acc,0.7231788079470198,0.13112582781456952,0.11920529801324503,0.13112582781456952,0.06887417218543046,0.08874172185430464,0.25165562913907286,0.09668874172185431
loss,0.626108828911521,7.671436533175017,6.491450339869449,6.623951658449675,6.785436690481085,7.145315182836432,4.1491027769289515,7.318847442928114
time,1.1705889701843262,180.2241394519806,35.44891881942749,35.28023600578308,36.23519802093506,35.554338693618774,34.860228300094604,35.93231678009033
