,No attack,Alignments [ALL],Alignments [en],Alignments [de],Alignments [es],Alignments [fr],Alignments [ja],Alignments [pt]
perplexity,5.226897357639514,9797.487302768857,5053.053535702354,2930.376671605361,2146.4031905726383,5375.2545818630015,117.8889533381713,6495.876628454108
intent_acc,0.9298013245033112,0.7417218543046358,0.7629139072847683,0.7655629139072848,0.752317880794702,0.7615894039735099,0.871523178807947,0.7629139072847683
slot_precision,0.9247572815533981,0.4233779787789181,0.4607946184570107,0.38660137992432675,0.37646816402225425,0.37647846462843115,0.579454926624738,0.3798342541436464
slot_recall,0.922099531084556,0.48332009531374104,0.5065865495724521,0.4423223834988541,0.4223300970873786,0.43401080524826346,0.569427276473012,0.43627710206240083
slot_f1,0.9234264939786412,0.45136764024107556,0.4826067811536767,0.4125890736342043,0.39808257980172124,0.4032026768642448,0.5743973399833748,0.40610386413979815
sementic_frame_acc,0.6649006622516557,0.13509933774834437,0.08874172185430464,0.06225165562913907,0.06754966887417219,0.07019867549668875,0.18543046357615894,0.07019867549668875
loss,0.5990528057451899,6.706327001672042,6.452599731244539,6.53967470118874,6.3336963716306185,6.764176968524331,3.6485993692749425,6.592506672206678
time,1.2335197925567627,178.7831585407257,35.244030237197876,35.01368522644043,35.98229789733887,35.35788011550903,34.72866344451904,35.63777017593384
