,No attack,Word level [ALL],Word level [en],Word level [de],Word level [es],Word level [fr],Word level [ja],Word level [pt]
perplexity,7.97081836901213,3013.485761117935,43.975439758049816,45.98887307894857,57.58469797937494,68.40446728656167,41.91739588536714,51.825115087157805
intent_acc,0.9483443708609272,0.8370860927152318,0.9086092715231788,0.8940397350993378,0.8927152317880794,0.909933774834437,0.8966887417218543,0.8701986754966887
slot_precision,0.9346679291221426,0.4058394160583942,0.6321399839098955,0.6109486000835771,0.6424138668949283,0.6466517402808875,0.5915354330708661,0.5761168748676688
slot_recall,0.9242910647405029,0.2850794735942574,0.5785017485735321,0.5213050454626493,0.5547957863611163,0.5782672005824536,0.5255027688720489,0.4810820367751061
slot_f1,0.9294505346694465,0.334906133922297,0.6041326285439692,0.5625781625781626,0.5953986513288377,0.6105505909484,0.5565673715079487,0.5243279699393005
sementic_frame_acc,0.7231788079470198,0.052980132450331126,0.07947019867549669,0.10331125827814569,0.07417218543046358,0.08609271523178808,0.1205298013245033,0.08741721854304636
loss,0.626108828911521,5.15836089159313,2.718780161205091,2.3644374386260383,2.7508589148521425,2.7329095827905756,2.341421167474044,2.755039224812859
time,1.1847865581512451,130.72991609573364,26.518821239471436,27.044581174850464,27.018834114074707,27.285711765289307,27.412383794784546,27.043198823928833
