,No attack,Word level [ALL],Word level [en],Word level [de],Word level [es],Word level [fr],Word level [ja],Word level [pt]
perplexity,5.226897357639514,1372.8955321562917,24.28636053737841,27.105309644498323,25.879702300774422,24.083644366264345,30.712019336851018,43.3536997180236
intent_acc,0.9298013245033112,0.8622516556291391,0.9112582781456954,0.9019867549668874,0.9072847682119205,0.9006622516556292,0.9019867549668874,0.8860927152317881
slot_precision,0.9247572815533981,0.40507726269315675,0.6079510703363914,0.6389595149618619,0.6151394422310758,0.6715506715506715,0.5959007145543438,0.5734516616314199
slot_recall,0.922099531084556,0.32797140303842715,0.5888625592417062,0.5888608507570295,0.6064414768263944,0.6440281030444965,0.5330529857022708,0.5730188679245283
slot_f1,0.9234264939786412,0.36246913580246914,0.5982545892266025,0.6128880968014256,0.6107594936708862,0.6575014943215781,0.5627275148717038,0.5732351830879577
sementic_frame_acc,0.6649006622516557,0.05827814569536424,0.0847682119205298,0.11125827814569536,0.09271523178807947,0.08741721854304636,0.09271523178807947,0.07417218543046358
loss,0.5990528057451899,4.099108377255892,2.2253366351127624,1.927976301469301,2.208811488904451,2.039758046049821,2.1425515802283037,2.1769864383496738
time,1.184377670288086,130.25030326843262,26.588561296463013,27.039194345474243,26.97726058959961,27.092913389205933,27.28557014465332,26.92197322845459
