,No attack,Alignments [ALL],Alignments [en],Alignments [es],Alignments [fr],Alignments [ja],Alignments [pt],Alignments [zh_cn]
perplexity,5.513005744783502,894.4622195193642,23.00253895332939,38.64494102126674,24.545259170783194,173.23913412094117,24.90313949333994,60.875788560666535
intent_acc,0.9549668874172186,0.8079470198675497,0.9059602649006623,0.8741721854304636,0.8900662251655629,0.8927152317880794,0.8821192052980132,0.8701986754966887
slot_precision,0.9289340101522843,0.3557951482479784,0.7048921620199895,0.6250735726898176,0.6480674222609707,0.3473607394794454,0.7103875968992248,0.4730774843134394
slot_recall,0.9258928571428572,0.5227177990829512,0.753020511379601,0.6151172893136403,0.7036920164089618,0.5357343837929094,0.7186323713927227,0.6631212926978932
slot_f1,0.9274109405276495,0.4233983286908078,0.7281619345197662,0.6200554663552766,0.6747352496217852,0.4214565040950343,0.7144861999064401,0.5522057571112247
sementic_frame_acc,0.7695364238410596,0.13509933774834437,0.3880794701986755,0.23973509933774834,0.41589403973509936,0.12980132450331125,0.44370860927152317,0.17350993377483442
loss,0.5457927961978528,5.158091709488317,2.1100407929796923,2.499242459472857,2.3453985385204614,4.1030341273859925,2.393631287183809,3.2399987258409197
time,1.1904077529907227,276.9843246936798,52.99529790878296,54.70208263397217,55.45531988143921,45.3798291683197,54.59796190261841,50.14210820198059
