,No attack,Alignments [ALL],Alignments [en],Alignments [es],Alignments [fr],Alignments [ja],Alignments [pt],Alignments [zh_cn]
perplexity,2.4592406159953066,262.60473957061765,26.968934120629964,28.716916231105202,17.87397722068586,65.744663825788,20.194361404368752,37.45933563458292
intent_acc,0.9496688741721855,0.8013245033112583,0.8874172185430463,0.8582781456953642,0.8701986754966887,0.8847682119205298,0.8675496688741722,0.8754966887417218
slot_precision,0.9146615335258261,0.30366412213740457,0.6609349811929071,0.5906553041434028,0.6282216494845361,0.32173671026996936,0.6695565188396132,0.4083616167849429
slot_recall,0.9173101673101673,0.44837691614066727,0.7113938692886062,0.5865188211263496,0.6705639614855571,0.48951937327969514,0.6876712328767123,0.5952327411738251
slot_f1,0.9159839357429719,0.3620972146368105,0.6852367688022284,0.588579795021962,0.6487025948103792,0.3882777731127719,0.6784929886805202,0.4843993046024339
sementic_frame_acc,0.7536423841059603,0.11125827814569536,0.3205298013245033,0.18675496688741722,0.38675496688741723,0.0913907284768212,0.41456953642384103,0.15894039735099338
loss,0.4913255460719627,4.665002461483604,2.086160731315613,2.419741855483306,2.3260147747240567,3.368488483679922,2.156382144830729,2.8925907335783307
time,1.228667974472046,269.16438388824463,50.70429539680481,52.62035059928894,53.08966255187988,43.43517875671387,52.27725553512573,47.982197761535645
