,No attack,Alignments [ALL],Alignments [en],Alignments [es],Alignments [fr],Alignments [ja],Alignments [pt],Alignments [zh_cn]
perplexity,4.799518298889909,594.2476171127388,46.521657827709404,34.25250412310873,27.071149419460976,167.75836158224516,69.98564513772726,62.43778281978199
intent_acc,0.9496080627099664,0.8253079507278835,0.9036954087346024,0.8667413213885778,0.8947368421052632,0.8902575587905935,0.8790593505039194,0.8768197088465846
slot_precision,0.9214487300094073,0.3619170680136262,0.6754403725450496,0.5871974666365076,0.6480127912288717,0.3357241108272745,0.691842168966352,0.4436814841585351
slot_recall,0.9251475796930342,0.5099304865938431,0.7349636483807006,0.594050343249428,0.7046696472925981,0.5146859466787167,0.7069008162255751,0.6185757473967081
slot_f1,0.9232944503358077,0.4233596702164205,0.7039459801645916,0.5906040268456376,0.6751546882436935,0.40637450199203184,0.6992904330804991,0.5167309715889161
sementic_frame_acc,0.748040313549832,0.13325867861142218,0.36058230683090703,0.21052631578947367,0.38633818589025753,0.12430011198208286,0.40985442329227323,0.1623740201567749
loss,0.6010243201037936,5.1731237556253165,2.2561808612330685,2.7448964342474937,2.3930096554436853,4.1718058575476915,2.431462458068771,3.276479837617704
time,1.448089361190796,358.3770763874054,67.64690661430359,70.28548669815063,71.70675897598267,58.45699501037598,70.61022114753723,64.03031539916992
