,No attack,Word level [ALL],Word level [en],Word level [es],Word level [fr],Word level [ja],Word level [pt],Word level [zh_cn]
perplexity,2.7289068890469417,36815.67568274907,85.56445676301207,110.18408884108067,133.69790616631508,59.849153820957454,121.027689154659,54.312429257801604
intent_acc,0.9496080627099664,0.4568868980963046,0.7390817469204927,0.8152295632698768,0.696528555431131,0.826427771556551,0.7256438969764838,0.8477043673012318
slot_precision,0.921232071478956,0.3033774442030417,0.566340160284951,0.6072409488139825,0.5429986492570914,0.4601449275362319,0.540478905359179,0.4846225535880708
slot_recall,0.9251475796930342,0.2809584781415767,0.5826843792945487,0.5160195204752811,0.48629032258064514,0.529718456725756,0.5109961190168176,0.5157706804205515
slot_f1,0.9231856738925541,0.2917378917378917,0.5743960261910138,0.557926129846295,0.5130823229100191,0.49248666989820644,0.5253241715615649,0.4997117047857006
sementic_frame_acc,0.748040313549832,0.006718924972004479,0.0761478163493841,0.09742441209406495,0.07726763717805152,0.06159014557670773,0.07726763717805152,0.07278835386338185
loss,0.588018166193381,8.422671424491066,3.541973219386169,3.393139397459371,4.129453611161027,3.350791067949363,4.019684245543821,3.2137727306357453
time,1.4585375785827637,310.6064832210541,58.783098459243774,60.95857620239258,60.80453157424927,58.076916217803955,59.92547655105591,56.010974407196045
