,No attack,Word level [ALL],Word level [en],Word level [es],Word level [fr],Word level [ja],Word level [pt],Word level [zh_cn]
perplexity,2.398834804339068,15574.802476337978,81.89074432211262,79.17333012393543,192.0783705094031,70.62754099496773,118.43604771580014,59.81682704601969
intent_acc,0.9496080627099664,0.458006718924972,0.7491601343784995,0.8376259798432251,0.7032474804031354,0.8062709966405375,0.7245240761478163,0.8499440089585666
slot_precision,0.9214487300094073,0.29001673173452314,0.5661092530657748,0.5987214162773543,0.5386016852653154,0.474995453718858,0.5314220183486239,0.4876531573986805
slot_recall,0.9251475796930342,0.28199566160520606,0.5749547101449275,0.5169851380042463,0.4823577401590863,0.550938620544189,0.5040243637154667,0.5133955149831316
slot_f1,0.9232944503358077,0.28594995875721746,0.5704976968879901,0.5548592913296115,0.508930492791048,0.51015625,0.5173607234565146,0.5001933488012374
sementic_frame_acc,0.748040313549832,0.004479283314669653,0.07502799552071669,0.10638297872340426,0.06382978723404255,0.06494960806270997,0.0593505039193729,0.09182530795072788
loss,0.5908066532044488,8.401617424828666,3.495621287396976,3.2931647588099753,4.100122997803347,3.3650006215487207,3.940608322620392,3.1983465903571675
time,1.4345266819000244,306.5578784942627,57.655916690826416,60.063366413116455,59.84920811653137,57.292033672332764,59.33778405189514,55.43692231178284
