,No attack,Word level [ALL],Word level [en],Word level [es],Word level [fr],Word level [ja],Word level [pt],Word level [zh_cn]
perplexity,2.1199648405376235,2623.521008903102,28.49464084976598,28.71156476673327,36.88159880638123,21.98133073856956,46.93849236337762,21.971266065145794
intent_acc,0.9496688741721855,0.528476821192053,0.7483443708609272,0.8370860927152318,0.8172185430463577,0.785430463576159,0.7125827814569536,0.8450331125827815
slot_precision,0.9146615335258261,0.26327998144282067,0.5676895306859205,0.5376794258373205,0.44608131997642897,0.5348772321428571,0.47540983606557374,0.5169444444444444
slot_recall,0.9173101673101673,0.2788697788697789,0.5926507537688442,0.5274273980639483,0.4421728971962617,0.602640679031751,0.5313908080504656,0.5431990659661413
slot_f1,0.9159839357429719,0.27085073380264885,0.5799016594960049,0.5325040722641788,0.44411850982692874,0.5667405764966741,0.5018439716312056,0.5297466552803871
sementic_frame_acc,0.7536423841059603,0.006622516556291391,0.0781456953642384,0.07019867549668875,0.060927152317880796,0.09536423841059603,0.046357615894039736,0.1271523178807947
loss,0.4948028943501413,6.517792937630102,2.689353398272866,2.7371522890894036,2.9279308795928953,2.6225648384345206,3.119186884478519,2.6111485308722444
time,1.1733942031860352,225.34115314483643,43.26827645301819,44.27073526382446,43.99605703353882,41.967347621917725,43.51353859901428,40.94770288467407
