,No attack,Word level [ALL],Word level [en],Word level [es],Word level [fr],Word level [ja],Word level [pt],Word level [zh_cn]
perplexity,2.5182528759303846,11593.226513832495,75.6402771799188,34.23465752852591,107.64302503184268,64.16262401781584,128.74136468736748,51.064831151460346
intent_acc,0.9549668874172186,0.4357615894039735,0.7271523178807947,0.8026490066225166,0.704635761589404,0.8079470198675497,0.743046357615894,0.8503311258278146
slot_precision,0.9286567164179105,0.30293772032902466,0.5861970217640321,0.6286787726988102,0.5712553062462098,0.4662844036697248,0.5672737955346651,0.5108828564441183
slot_recall,0.9258928571428572,0.3005362555374213,0.5902537485582469,0.5462459194776932,0.48481729284611425,0.5406914893617021,0.5366870483602001,0.5447196870925685
slot_f1,0.9272727272727272,0.30173220973782766,0.5882183908045978,0.584570596797671,0.5244988864142539,0.5007389162561577,0.551556698086261,0.5272589601211509
sementic_frame_acc,0.7695364238410596,0.0013245033112582781,0.07947019867549669,0.12582781456953643,0.09271523178807947,0.07019867549668875,0.08609271523178808,0.09403973509933775
loss,0.5537667970565197,8.022131217153449,3.4396665585668464,2.95807631392228,3.8137740323418066,3.0872494860699304,3.63824689890209,3.0649300851319965
time,1.209141731262207,234.42427158355713,45.36347723007202,46.39057636260986,46.205897092819214,44.102922439575195,45.356112241744995,43.051363706588745
