,No attack,Alignments [ALL],Alignments [de],Alignments [es],Alignments [fr],Alignments [ja],Alignments [pt],Alignments [zh_cn]
perplexity,3.8331982938866864,1083.9772690220882,11.184592955990842,14.707994094647859,16.81941199428157,252.29127521514891,18.670644151537044,190.57754053818553
intent_acc,0.9682119205298013,0.8198675496688742,0.9152317880794701,0.8887417218543047,0.8966887417218543,0.8927152317880794,0.8688741721854305,0.8781456953642384
slot_precision,0.9425233644859813,0.37441563960900975,0.7452442159383034,0.7447956823438705,0.6869277721261444,0.37566387348046737,0.7335243553008596,0.5123698796809517
slot_recall,0.9363974001857011,0.480370774263904,0.7608923884514436,0.720537046245649,0.7177783683231465,0.5105871029836381,0.7479415670650731,0.7034149962880475
slot_f1,0.9394503959012576,0.42082636732744205,0.7529870129870131,0.732465562997599,0.7020142949967512,0.432855103012171,0.7406628090478695,0.5928822839264762
sementic_frame_acc,0.7642384105960265,0.10066225165562914,0.42119205298013246,0.3350993377483444,0.32317880794701986,0.07947019867549669,0.4,0.18013245033112582
loss,0.45787806070660925,5.494742047159296,1.8657067811802814,1.8440458410664609,2.175706367429934,4.548304073434127,2.126604142549791,3.109254479408264
time,1.1874377727508545,278.7766144275665,53.54214358329773,55.54616951942444,55.45209002494812,45.09257531166077,53.91049575805664,51.744075536727905
