,No attack,Alignments [ALL],Alignments [de],Alignments [es],Alignments [fr],Alignments [ja],Alignments [pt],Alignments [zh_cn]
perplexity,2.6127717973930493,1046.5410484501294,14.759549996682576,13.703350865415164,44.129317076078486,253.5170396055494,16.351821995207242,75.14280921646527
intent_acc,0.9630459126539753,0.8286674132138858,0.9126539753639418,0.8868980963045913,0.8947368421052632,0.8868980963045913,0.8768197088465846,0.8768197088465846
slot_precision,0.9465551717869478,0.3683174811413578,0.7463580123727799,0.7160814046288907,0.6662002798321007,0.3796261329305136,0.7194478278522127,0.5034327397554172
slot_recall,0.9417616205462109,0.4780079455164586,0.7601626016260162,0.697841726618705,0.7003572179029208,0.5039478631407445,0.7372581651757854,0.680638143582306
slot_f1,0.9441523118766999,0.4160543377585675,0.7531970597120129,0.7068439192516002,0.6828518746158575,0.43304076247913414,0.7282441179492448,0.5787753591909724
sementic_frame_acc,0.7603583426651735,0.08734602463605823,0.38633818589025753,0.29227323628219487,0.2945128779395297,0.07054871220604703,0.3594624860022396,0.1702127659574468
loss,0.4833426969094684,5.510371333786419,1.933745486927884,2.041557085567287,2.3543538781481663,4.4533515593835284,2.1938492818070308,3.20454934665135
time,1.4425435066223145,356.93682956695557,68.18510031700134,71.01921367645264,70.30829310417175,57.524715423583984,68.43315410614014,65.5638599395752
