,No attack,Alignments [ALL],Alignments [de],Alignments [es],Alignments [fr],Alignments [ja],Alignments [pt],Alignments [zh_cn]
perplexity,2.573636339840136,689.8350489766974,13.803142350598385,15.989703785745721,24.743725867020455,195.96740228753342,44.58592278580917,53.426119453028626
intent_acc,0.9682119205298013,0.8225165562913908,0.9139072847682119,0.8781456953642384,0.9033112582781457,0.8874172185430463,0.8741721854304636,0.871523178807947
slot_precision,0.9425233644859813,0.37880449684672335,0.7458932238193019,0.7448116833205227,0.6751412429378532,0.3774958891237961,0.7311827956989247,0.5034556087187666
slot_recall,0.9363974001857011,0.5019985465116279,0.7623294858342078,0.7227747389358528,0.7048257372654155,0.5125179397225323,0.7454545454545455,0.6917457998539079
slot_f1,0.9394503959012576,0.4317862165963432,0.7540217955371044,0.733627760252366,0.6896642182581322,0.4347649644910383,0.7382497021051238,0.5827692307692308
sementic_frame_acc,0.7642384105960265,0.09271523178807947,0.4278145695364238,0.32847682119205296,0.31125827814569534,0.07947019867549669,0.40397350993377484,0.17748344370860927
loss,0.45748448844717227,5.3652105607484515,1.9482132102313794,1.8803480462024087,2.25788112172955,4.548625820561459,2.1404097293552597,3.1602393401296514
time,1.1968472003936768,280.139098405838,53.90856623649597,55.93844819068909,55.596266984939575,45.16023397445679,54.31687641143799,51.878204584121704
