,No attack,Alignments [ALL],Alignments [de],Alignments [es],Alignments [fr],Alignments [ja],Alignments [pt],Alignments [zh_cn]
perplexity,4.214887088223508,500.6803479044061,17.229793636422407,13.287555564077277,20.19402080586082,118.54200047442788,21.564448502189233,50.15933905651695
intent_acc,0.9576158940397351,0.8225165562913908,0.9006622516556292,0.8913907284768212,0.9006622516556292,0.8966887417218543,0.8900662251655629,0.8821192052980132
slot_precision,0.9306169965075669,0.353518574448807,0.6992063492063492,0.7104878048780487,0.6714324993126203,0.3560331434489902,0.6846071044133477,0.4723715033760507
slot_recall,0.9297511049081182,0.435211005763153,0.7160661067461392,0.7099683158664392,0.6987124463519313,0.4674485806561278,0.7049044056525353,0.662799690641918
slot_f1,0.9301838491971143,0.3901341554870427,0.707535805113104,0.71022796537852,0.6848008973639932,0.4042037186742118,0.6946075085324233,0.5516131627645025
sementic_frame_acc,0.752317880794702,0.0781456953642384,0.343046357615894,0.30066225165562915,0.3086092715231788,0.060927152317880796,0.32450331125827814,0.16026490066225166
loss,0.47081567497531834,4.900010181728162,1.8380076925221243,1.7815198815182636,2.0641997108333987,3.9858086749127035,2.1022699147462847,2.884322782566673
time,1.1937572956085205,279.03708958625793,52.7578399181366,54.743109703063965,54.322609424591064,44.386927366256714,53.057337045669556,50.76178336143494
