,No attack,Word level [ALL],Word level [de],Word level [es],Word level [fr],Word level [ja],Word level [pt],Word level [zh_cn]
perplexity,2.3170603971396173,458287.41613987513,757.5273491101606,276.894150861672,1849.4803693720273,774.617869751794,154.39848164149694,676.4671730058534
intent_acc,0.9630459126539753,0.2877939529675252,0.6259798432250839,0.6898096304591266,0.7155655095184771,0.6651735722284434,0.7648376259798432,0.6248600223964166
slot_precision,0.9465551717869478,0.12533232054690469,0.48381844087115816,0.43781642086726835,0.4911870503597122,0.31327243417517464,0.47336607480166226,0.5288140734000607
slot_recall,0.9417616205462109,0.10076335877862595,0.42537580529706515,0.36,0.4771139063591894,0.35865887419255615,0.4401123990165086,0.5512171988618401
slot_f1,0.9441523118766999,0.1117129316181449,0.4527187886867917,0.3951132300357568,0.48404820985466146,0.3344328122759215,0.4561339643247178,0.5397832817337461
sementic_frame_acc,0.7603583426651735,0.0011198208286674132,0.023516237402015677,0.015677491601343786,0.026875699888017916,0.005599104143337066,0.020156774916013438,0.05039193729003359
loss,0.47484847051340956,11.675628653594426,5.014178209006786,4.712412851197379,4.4055732020309994,5.713480068104608,3.9686736932822635,5.1388276889920235
time,1.795259952545166,348.16596817970276,64.25267791748047,65.82646942138672,63.19113802909851,68.69405269622803,63.42147731781006,66.58679676055908
