,No attack,Word level [ALL],Word level [de],Word level [es],Word level [fr],Word level [ja],Word level [pt],Word level [zh_cn]
perplexity,4.214887088223508,177001.96319628262,873.3102338916377,658.0117805706827,720.8138558412853,1086.0790481818349,317.90134149601585,136.0123275029032
intent_acc,0.9576158940397351,0.4304635761589404,0.7205298013245033,0.7867549668874172,0.7827814569536424,0.6980132450331126,0.8052980132450331,0.6834437086092715
slot_precision,0.9306169965075669,0.11489124372559956,0.4276604224790753,0.41629464285714285,0.4707877874104787,0.36442966964471224,0.4089546272236658,0.5186851888084524
slot_recall,0.9297511049081182,0.130407258915383,0.46460272786317386,0.4302191464821223,0.5741208917490233,0.38089033659066235,0.4656349567592171,0.5868939561655966
slot_f1,0.9301838491971143,0.1221585293536272,0.44536681539898315,0.4231423709585933,0.5173449311380346,0.3724782331705245,0.4354581249334894,0.5506855006231824
sementic_frame_acc,0.752317880794702,0.0,0.015894039735099338,0.018543046357615896,0.025165562913907286,0.011920529801324504,0.009271523178807948,0.046357615894039736
loss,0.47081567497531834,9.433705299778989,4.324551387837059,3.7620507202650373,3.543020378915887,4.904459248091046,3.338651462605125,3.503004602382058
time,1.5525178909301758,270.6921465396881,49.903793811798096,51.325294494628906,48.81121897697449,53.04630899429321,49.62037682533264,51.71972441673279
