,No attack,Word level [ALL],Word level [de],Word level [es],Word level [fr],Word level [ja],Word level [pt],Word level [zh_cn]
perplexity,3.8331982938866864,1260980.383241031,6399.975485917142,2569.944586010983,1031.627758224387,6291.116868591309,741.2984154927103,565.0039733334592
intent_acc,0.9682119205298013,0.2847682119205298,0.6225165562913907,0.6821192052980133,0.7178807947019867,0.6556291390728477,0.7496688741721854,0.6675496688741722
slot_precision,0.9425233644859813,0.14497452524316815,0.48631159780985567,0.4394644935972061,0.507984262902106,0.3056506849315068,0.4801772962324551,0.5321292775665399
slot_recall,0.9363974001857011,0.1230587772754079,0.44754924415941366,0.35663675011809165,0.49370220422852,0.35027472527472525,0.4454088624942896,0.5706422018348624
slot_f1,0.9394503959012576,0.13312068048910156,0.4661259541984733,0.39374185136897005,0.500741416676172,0.3264447695683979,0.4621400639886243,0.5507132316773241
sementic_frame_acc,0.7642384105960265,0.0,0.03443708609271523,0.018543046357615896,0.026490066225165563,0.0013245033112582781,0.018543046357615896,0.07417218543046358
loss,0.45787806070660925,11.434145776849045,4.770889866979498,4.570514577313474,4.149821808463649,5.751636911693372,3.7604354456851357,4.742338679966173
time,1.6230049133300781,272.0459249019623,50.28384566307068,51.815457344055176,49.459577798843384,54.16197896003723,50.056100606918335,52.71502161026001
