,No attack,Word level [ALL],Word level [de],Word level [es],Word level [fr],Word level [ja],Word level [pt],Word level [zh_cn]
perplexity,2.595750112618719,436615.2164045061,359.89712862031803,414.2445740529469,175.2000300905534,1196.0014193568911,147.98381388187408,1107.3959044430937
intent_acc,0.9630459126539753,0.2799552071668533,0.6562150055991042,0.6696528555431132,0.7357222844344905,0.6786114221724524,0.7625979843225084,0.6192609182530795
slot_precision,0.9465551717869478,0.1361034164358264,0.4803381832481321,0.4543832255186259,0.48722594672948,0.30916184582268263,0.4725803348085434,0.5232558139534884
slot_recall,0.9417616205462109,0.11054447277636119,0.43469750889679715,0.37043098745226405,0.4729991204925242,0.3498249353021769,0.43072606103121713,0.5467024297885769
slot_f1,0.9441523118766999,0.12199966892898527,0.45637960022417334,0.40813464235624125,0.4800071403070332,0.3282388230252821,0.45068354894944496,0.5347222222222222
sementic_frame_acc,0.7603583426651735,0.0,0.025755879059350503,0.01791713325867861,0.02127659574468085,0.011198208286674132,0.01791713325867861,0.04591265397536394
loss,0.47522405210371027,11.635825714894704,4.735887748854501,4.809563319597926,4.397549670721803,5.560847405876432,3.881624240960394,5.231865225093705
time,1.8383710384368896,351.54163241386414,64.64454340934753,66.52761435508728,63.63884902000427,69.41295313835144,64.00348210334778,67.06149697303772
