,No attack,Alignments [ALL],Alignments [en],Alignments [de],Alignments [fr],Alignments [ja],Alignments [pt],Alignments [zh_cn]
perplexity,8.345664089604428,498.02594948316874,28.51606792399758,32.13541276454926,18.64319015302156,316.49204326428867,17.540581768437434,87.14348397254943
intent_acc,0.928476821192053,0.8092715231788079,0.8887417218543047,0.8781456953642384,0.8874172185430463,0.8649006622516556,0.8741721854304636,0.8516556291390729
slot_precision,0.8194480946123521,0.35225352112676056,0.6229953121144831,0.5352675006654245,0.5868328366296397,0.298191278493558,0.6803325688073395,0.40480726952953244
slot_recall,0.7925775292323335,0.4866705584744114,0.6678127479502777,0.5871532846715328,0.6151661459812553,0.426924441291238,0.6695823927765236,0.5573042776432607
slot_f1,0.8057888616100269,0.4086935207124765,0.6446259892775082,0.5600111389585074,0.6006655574043261,0.35113056163384393,0.6749146757679181,0.46897020120553523
sementic_frame_acc,0.42251655629139073,0.09801324503311258,0.2582781456953642,0.19072847682119207,0.15364238410596026,0.0728476821192053,0.21589403973509932,0.09271523178807947
loss,1.004359965408711,5.210877674504331,2.6147068218181007,2.857711350290399,2.4187958202863995,4.589194961598045,2.139348223648573,3.5166353514319972
time,1.2590374946594238,292.47146487236023,55.37497544288635,55.19772791862488,58.53050374984741,48.4000825881958,59.81180000305176,52.44194269180298
