,No attack,Alignments [ALL],Alignments [en],Alignments [de],Alignments [fr],Alignments [ja],Alignments [pt],Alignments [zh_cn]
perplexity,3.5853225356654117,327.0597999171207,32.09609110606344,36.5421283872504,19.94240342190391,99.11643555289821,16.474291197877182,53.71100096953543
intent_acc,0.9483443708609272,0.8304635761589404,0.8794701986754967,0.8768211920529801,0.8847682119205298,0.8794701986754967,0.856953642384106,0.8807947019867549
slot_precision,0.8033555391068344,0.3255745433117266,0.5889355742296919,0.5113665389527459,0.5600744284954812,0.27719821162444114,0.6384937238493724,0.393120755831119
slot_recall,0.7935656836461126,0.4348681621408894,0.6526125193998965,0.5744619799139168,0.608256351039261,0.37624126517101875,0.657380815623205,0.5500929560008263
slot_f1,0.7984306032368808,0.3723673125526538,0.6191411042944786,0.5410810810810811,0.583171879324661,0.3192136672127311,0.6477996320928259,0.458544984933276
sementic_frame_acc,0.41456953642384103,0.08344370860927153,0.2185430463576159,0.18410596026490067,0.16556291390728478,0.05033112582781457,0.20264900662251656,0.11655629139072848
loss,0.9342161001735612,4.894045495986939,2.571579573656383,2.717238367544977,2.2351730698033383,3.993437549942418,2.1611514094628785,3.0925204101361725
time,1.205549716949463,282.8271107673645,52.854631662368774,52.60245704650879,56.01704788208008,46.157522439956665,57.054877042770386,49.825000047683716
