,No attack,Word level [ALL],Word level [en],Word level [de],Word level [fr],Word level [ja],Word level [pt],Word level [zh_cn]
perplexity,8.345664089604428,3116346.6476817885,2163.6585549856486,1055.127336489527,2553.4012562877256,3185.5775361412448,1822.2912020783676,1908.630188696008
intent_acc,0.928476821192053,0.3086092715231788,0.7072847682119205,0.7536423841059603,0.6529801324503312,0.5695364238410596,0.6940397350993377,0.5867549668874172
slot_precision,0.8194480946123521,0.16794354838709677,0.40528519099947674,0.506534090909091,0.44848975188781015,0.3152881409747579,0.4879786286731968,0.33703087446847846
slot_recall,0.7925775292323335,0.17346938775510204,0.3819975339087546,0.42768049892060445,0.40169082125603867,0.4065506653019447,0.3843815758709376,0.40048330404217924
slot_f1,0.8057888616100269,0.1706617496414669,0.3932969404595658,0.4637794251528157,0.4238022426095821,0.3551502145922747,0.43002877321475286,0.3660275072783857
sementic_frame_acc,0.42251655629139073,0.0,0.026490066225165563,0.03576158940397351,0.026490066225165563,0.010596026490066225,0.04370860927152318,0.01456953642384106
loss,1.004359965408711,10.385688596022757,4.4644601859544455,3.985147335654811,4.375939513507642,5.701663905695865,4.209993437716835,5.469812853712785
time,1.2260258197784424,303.02583050727844,55.28357768058777,56.089590549468994,55.768627405166626,57.17828321456909,57.87671971321106,55.65521192550659
