,No attack,Word level [ALL],Word level [en],Word level [de],Word level [fr],Word level [ja],Word level [pt],Word level [zh_cn]
perplexity,9.036714262711374,331793.49035323295,837.6056014186457,3606.940693122462,1398.497731954173,1098.0912416633807,418.4124811097195,1401.483811187744
intent_acc,0.9483443708609272,0.3456953642384106,0.6251655629139072,0.7788079470198676,0.7894039735099337,0.6741721854304635,0.6940397350993377,0.6609271523178808
slot_precision,0.8035538005923001,0.15422885572139303,0.36299009047824216,0.39598689598689596,0.42417724241772425,0.36642694264164183,0.42577092511013215,0.41335587489433645
slot_recall,0.7935656836461126,0.174375,0.40465898174831894,0.4288248337028825,0.46280215911757805,0.4479948530988634,0.4343820224719101,0.44474761255115963
slot_f1,0.798528510116493,0.16368436491639776,0.38269361798773566,0.41175218224398547,0.442648709315376,0.4031262060980316,0.43003337041156847,0.4284775465498357
sementic_frame_acc,0.41456953642384103,0.0013245033112582781,0.02119205298013245,0.02119205298013245,0.033112582781456956,0.013245033112582781,0.03576158940397351,0.022516556291390728
loss,0.9245101861655712,9.795821335441188,4.648695446315565,4.118561137349982,3.845697602472807,4.925895975765429,3.968562482532702,4.517552212664955
time,1.2295246124267578,293.58363699913025,53.56934309005737,54.49411630630493,53.85187077522278,55.08461952209473,56.51574635505676,54.649860858917236
