,No attack,Word level [ALL],Word level [en],Word level [de],Word level [fr],Word level [ja],Word level [pt],Word level [zh_cn]
perplexity,4.339204320950167,249408.48362295967,281.24227424178804,274.9003158552306,347.15551966428757,2745.773501055581,325.6181308414255,2828.6836217045784
intent_acc,0.9260918253079508,0.2978723404255319,0.70996640537514,0.7502799552071668,0.6696528555431132,0.5677491601343785,0.6763717805151176,0.6416573348264277
slot_precision,0.796130642812565,0.15875640813626593,0.4022020725388601,0.4804952113992058,0.43517915309446253,0.3127540650406504,0.4596774193548387,0.3281433607520564
slot_recall,0.7664730622872021,0.15409309791332262,0.35979142526071844,0.3873093579363585,0.3750701852891634,0.39398303728596573,0.35115057075557166,0.38032005447735784
slot_f1,0.7810204081632652,0.15638999755640628,0.37981651376146786,0.4288990825688074,0.40289505428226774,0.3487005169605552,0.39815100154083205,0.3523103611417758
sementic_frame_acc,0.3673012318029115,0.0,0.02127659574468085,0.029115341545352745,0.03135498320268757,0.004479283314669653,0.03471444568868981,0.012318029115341545
loss,1.1247314060372966,10.761064350605011,4.725187284605844,4.446971012013299,4.708485469222069,5.862794211932591,4.736524789461067,5.52344736456871
time,1.5526118278503418,385.91230940818787,69.33164811134338,71.88548350334167,70.84432482719421,72.25940799713135,73.51566934585571,71.40490007400513
