,No attack,Alignments [ALL],Alignments [de],Alignments [es],Alignments [fr],Alignments [ja],Alignments [pt],Alignments [zh_cn]
intent_acc,0.9630459126539753,0.8208286674132139,0.9182530795072789,0.8846584546472565,0.8958566629339306,0.8868980963045913,0.8756998880179171,0.883538633818589
slot_precision,0.9465551717869478,0.3789720147173598,0.7385074626865672,0.7112299465240641,0.6674742580254391,0.373536078579524,0.7180688531269097,0.49559214020180564
slot_recall,0.9417616205462109,0.4826753763135473,0.7559584436748829,0.6959302325581396,0.6984998943587577,0.4977347092876919,0.7356010016694491,0.6732073293896984
slot_f1,0.9441523118766999,0.4245830991193555,0.7471310650291927,0.7034969144872172,0.6826347305389222,0.4267832092370778,0.7267292031749305,0.5709041967453812
sementic_frame_acc,0.7603583426651735,0.08622620380739082,0.3818589025755879,0.2810750279955207,0.30011198208286677,0.0671892497200448,0.3538633818589026,0.1690929451287794
loss,0.4754303703271684,5.365547512258802,1.9580910094082355,2.0533134673855136,2.4025083548788513,4.5103572223867685,2.192647314763495,3.2597442625888755
time,1.437225341796875,351.76777029037476,66.84853863716125,69.73621463775635,69.26347208023071,56.66791915893555,69.08712553977966,68.25582647323608
