,No attack,Alignments [ALL],Alignments [de],Alignments [es],Alignments [fr],Alignments [ja],Alignments [pt],Alignments [zh_cn]
intent_acc,0.9641657334826428,0.832026875699888,0.921612541993281,0.9059350503919373,0.9092945128779395,0.8980963045912654,0.9036954087346024,0.8924972004479284
slot_precision,0.943302752293578,0.36457951910167213,0.7155756207674944,0.7041794478527608,0.6588463194145502,0.36779696276263785,0.7066581578387577,0.4817320703653586
slot_recall,0.9386525470147891,0.4468880909634949,0.731180540993919,0.6997523337778625,0.6824972129319955,0.4660603664162383,0.7201387383481466,0.660176170607325
slot_f1,0.94097190445685,0.40155945419103317,0.723293922422734,0.7019589106545628,0.6704632570364693,0.4111388872739957,0.7133347648700881,0.5570115392137689
sementic_frame_acc,0.7659574468085106,0.06270996640537514,0.3650615901455767,0.26539753639417696,0.28331466965285557,0.05823068309070549,0.3628219484882419,0.1590145576707727
loss,0.42437758977757767,4.856185973754951,1.836299010618989,1.7724071363253253,2.0616431313433816,4.033014007977077,1.9799482077360153,2.9108895733952522
time,1.40470552444458,345.97420620918274,65.04599785804749,67.6567268371582,67.11764812469482,55.103920221328735,65.2522132396698,62.55418109893799
