,No attack,Alignments [ALL],Alignments [de],Alignments [es],Alignments [fr],Alignments [ja],Alignments [pt],Alignments [zh_cn]
perplexity,2.3007014063852176,780.9353361129761,15.772969467299324,15.361671067774296,29.619238848132746,233.19705244898796,30.73048455587455,113.65428229634252
intent_acc,0.9630459126539753,0.8118701007838746,0.9171332586786114,0.8801791713325868,0.8947368421052632,0.8913773796192609,0.8745800671892497,0.8768197088465846
slot_precision,0.9465551717869478,0.3720485720710591,0.7359393697646589,0.7210411285515597,0.6720160481444333,0.3711554840541308,0.7241520228851656,0.5083792957148918
slot_recall,0.9417616205462109,0.47618362354295585,0.754446943365365,0.7052079284881462,0.7039293969321286,0.5003827507017096,0.7403384165448088,0.6820833926284332
slot_f1,0.9441523118766999,0.4177239159250142,0.7450782433114588,0.713036644071127,0.6876026272577996,0.426188535723988,0.7321557690321249,0.5825584928593132
sementic_frame_acc,0.7603583426651735,0.083986562150056,0.3829787234042553,0.2866741321388578,0.3045912653975364,0.07390817469204927,0.3460246360582307,0.1702127659574468
loss,0.48336327715826755,5.512702194707734,1.9653125988053424,2.0205414297857454,2.3675416189112832,4.438654992197241,2.1772078116025244,3.1861205590622768
time,1.7969365119934082,353.72459530830383,67.13453531265259,69.86325430870056,69.92286252975464,56.833203077316284,68.5088312625885,65.48087525367737
