,No attack,Word level [ALL],Word level [de],Word level [es],Word level [fr],Word level [ja],Word level [pt],Word level [zh_cn]
intent_acc,0.9641657334826428,0.2553191489361702,0.6842105263157895,0.7312430011198209,0.7278835386338186,0.6326987681970885,0.7502799552071668,0.6517357222844344
slot_precision,0.943302752293578,0.1301315265045835,0.4064074874010079,0.4155130293159609,0.47929908950352174,0.3740320547451828,0.4368411318660995,0.5514550479596814
slot_recall,0.9386525470147891,0.10516991464003865,0.3880391819900327,0.3686777456647399,0.5013477088948787,0.3512005410889415,0.4137327027500438,0.574428450465707
slot_f1,0.94097190445685,0.11632671238977466,0.397010989010989,0.3906967840735069,0.49007553135429477,0.36225691113630415,0.42497301187477515,0.5627073656270736
sementic_frame_acc,0.7659574468085106,0.0,0.013437849944008958,0.015677491601343786,0.027995520716685332,0.013437849944008958,0.014557670772676373,0.06942889137737962
loss,0.4197023987903127,11.143450966903142,4.632902562618256,4.2380548651729315,3.9450524981532777,5.551875633852823,3.7202868898000037,4.266610870936087
time,1.7797706127166748,341.3570852279663,62.36168098449707,63.95408344268799,61.01707124710083,66.35801267623901,60.99826240539551,63.966938972473145
