,No attack,Word level [ALL],Word level [de],Word level [es],Word level [fr],Word level [ja],Word level [pt],Word level [zh_cn]
intent_acc,0.9630459126539753,0.3068309070548712,0.6349384098544233,0.6931690929451287,0.7334826427771557,0.6483762597984323,0.7569988801791714,0.6472564389697648
slot_precision,0.9465551717869478,0.12547027840481564,0.4799685781618225,0.4438202247191011,0.49641062455132806,0.3056518261796854,0.46046600458365167,0.5145660377358491
slot_recall,0.9417616205462109,0.1013215859030837,0.43760071620411817,0.3589603780443475,0.4835664335664336,0.3461654589371981,0.42740648821131005,0.5430938346343794
slot_f1,0.9441523118766999,0.11211026136650139,0.4578064999531704,0.39690514469453375,0.48990435706695007,0.32464958233045443,0.44332076859428154,0.5284452022942179
sementic_frame_acc,0.7603583426651735,0.0,0.03919372900335946,0.0167973124300112,0.023516237402015677,0.006718924972004479,0.02127659574468085,0.04703247480403135
loss,0.4772983774065714,11.537209825856346,4.790792490754809,4.823490993252823,4.401127307542732,5.759875610470772,3.941007543887411,5.075118590678487
time,1.792508602142334,349.55924010276794,63.844590187072754,65.72926449775696,63.14879274368286,69.83370447158813,62.83561992645264,66.60228776931763
