,No attack,Alignments [ALL],Alignments [en],Alignments [de],Alignments [es],Alignments [fr],Alignments [pt],Alignments [zh_cn]
perplexity,2.6417175242775364,124189.94867917111,9213.21747069108,9310.59420451114,7490.913057387503,5415.168245088426,6390.844195918033,107.10442985484475
intent_acc,0.9430463576158941,0.7178807947019867,0.7456953642384105,0.7867549668874172,0.7245033112582782,0.7735099337748345,0.7483443708609272,0.8596026490066225
slot_precision,0.9155172413793103,0.3412635890972113,0.4734848484848485,0.46574107464839526,0.41220961642355486,0.47666971637694416,0.46978629329403093,0.6511683074368403
slot_recall,0.9090390321844328,0.40906515580736547,0.5485463521667581,0.5479422995333051,0.44087057010785824,0.5231974292026511,0.5349276274386406,0.6886603110888109
slot_f1,0.9122666361241554,0.3721010135715513,0.508259212198221,0.5035087719298245,0.42605863192182414,0.4988510149368058,0.5002452182442373,0.6693897457782114
sementic_frame_acc,0.6622516556291391,0.08344370860927153,0.0781456953642384,0.10596026490066225,0.051655629139072845,0.09668874172185431,0.08344370860927153,0.2543046357615894
loss,0.6622163938407443,9.168051325647454,7.2019803298147105,6.784558296203613,6.932994965503091,6.487378113520773,6.871210807248166,2.88255842704522
time,1.1911332607269287,162.78040385246277,32.10970187187195,32.79139590263367,33.17975354194641,33.18999624252319,32.973594188690186,34.33265256881714
