,No attack,Alignments [ALL],Alignments [en],Alignments [de],Alignments [es],Alignments [fr],Alignments [pt],Alignments [zh_cn]
perplexity,4.8843381881713865,19257.681681261565,6053.486115345202,2750.259440391942,2524.992388404043,1368.2565268466346,3568.998210103888,34.08096102538862
intent_acc,0.9165562913907285,0.7337748344370861,0.7629139072847683,0.7735099337748345,0.7602649006622516,0.776158940397351,0.776158940397351,0.847682119205298
slot_precision,0.9167769251124637,0.3009053790165099,0.4535382416011437,0.4279270043059258,0.4263322884012539,0.4772055719712959,0.4470300061236987,0.6865692034430934
slot_recall,0.9211645838872641,0.38751714677640603,0.5465116279069767,0.5177375341106425,0.4885883347421809,0.5507917174177832,0.543020084304488,0.7358324791331088
slot_f1,0.9189655172413793,0.3387628659938043,0.495703125,0.46856757970363716,0.45534219596258,0.5113649214067624,0.49037169726824903,0.7103477523324853
sementic_frame_acc,0.623841059602649,0.05695364238410596,0.08079470198675497,0.08344370860927153,0.051655629139072845,0.10066225165562914,0.07549668874172186,0.21986754966887417
loss,0.7001756327153232,8.44890536760029,6.53267348189103,6.4973557145972,6.208706917260822,6.016809875086734,6.513520484221609,2.462776169651433
time,1.1932260990142822,162.31798553466797,31.993213653564453,32.706384897232056,33.40420699119568,32.57565498352051,32.470134019851685,34.41512894630432
