,No attack,Word level [ALL],Word level [en],Word level [de],Word level [es],Word level [fr],Word level [pt],Word level [zh_cn]
perplexity,4.44696408071016,1773.3248508252595,43.94503682036149,25.850835885499652,28.325818748223153,24.182564498248855,53.17462557867954,21.382091552332827
intent_acc,0.9430463576158941,0.833112582781457,0.9019867549668874,0.8980132450331125,0.9019867549668874,0.9139072847682119,0.8993377483443709,0.909933774834437
slot_precision,0.9155172413793103,0.42632258064516126,0.5796227882558818,0.6319866024701696,0.5762782032705444,0.6288659793814433,0.6003187886033075,0.6145983069797157
slot_recall,0.9090390321844328,0.25217524042130973,0.49223910171730517,0.5029152090621356,0.45699277741300065,0.5074388097904335,0.4793191218580974,0.528281164195497
slot_f1,0.9122666361241554,0.3169000575484366,0.5323689615144209,0.5601113172541744,0.5097500686624554,0.5616644532979195,0.5330384785493145,0.5681801402731635
sementic_frame_acc,0.6622516556291391,0.052980132450331126,0.08211920529801324,0.08741721854304636,0.08874172185430464,0.09403973509933775,0.08344370860927153,0.1152317880794702
loss,0.6664718870974243,4.3204706781788875,2.301498556137085,2.2299906009121946,2.4076592840646445,2.1408204442576357,2.3693690500761333,2.147825372219086
time,1.1927988529205322,118.02756023406982,25.56636929512024,25.60536289215088,25.579608917236328,25.633761167526245,25.48506212234497,25.521551609039307
