,No attack,Word level [ALL],Word level [en],Word level [de],Word level [es],Word level [fr],Word level [pt],Word level [zh_cn]
perplexity,4.8843381881713865,179.95167160285146,24.69121909768958,16.552521435837996,21.598685224432693,17.152056873472112,32.32557148305993,18.670128859971697
intent_acc,0.9165562913907285,0.8317880794701987,0.8860927152317881,0.8887417218543047,0.9033112582781457,0.9033112582781457,0.8834437086092716,0.8768211920529801
slot_precision,0.9167769251124637,0.4236144578313253,0.6031779218063976,0.6229860365198711,0.6161862527716186,0.6148874061718098,0.6174170365673219,0.6491440428843162
slot_recall,0.9211645838872641,0.28042750039878767,0.5515197858917988,0.5376344086021505,0.5050890585241731,0.5391224862888483,0.5143511181546047,0.5957784478654182
slot_f1,0.9189655172413793,0.33746040886841344,0.5761933293389254,0.577171857896308,0.5551338393927289,0.5745178258328463,0.5611911623439001,0.6213174445547832
sementic_frame_acc,0.623841059602649,0.04900662251655629,0.07549668874172186,0.0847682119205298,0.08741721854304636,0.08344370860927153,0.09668874172185431,0.11258278145695365
loss,0.7001756327153232,3.590880122937654,1.9106561560379831,1.8968155346418683,2.055546773421137,1.9466687070695978,2.075193599964443,1.8430644245524155
time,1.1765937805175781,119.06852149963379,24.882264375686646,25.004393577575684,24.984468460083008,25.050480127334595,25.087827920913696,25.33260440826416
